{
  "testataRichiesta": {
    "versioneApplicativo": "1.0.0",
    "idOperazioneComune": "APP2022032210000",
    "idComune": 5000,
    "dataOraRichiesta": "1",
    "nomeApplicativo": "Applicativo Demografico",
    "fornitoreApplicativo": "Nome Fornitore"
  },
  "evento": {
    "datains": "2022-11-30T08:58:53.747406",
    "operatoreNome": "MARIE",
    "idTipoEvento": "3",
    "dataultimoagg": "2022-11-30T09:01:39.882674",
    "composizioneCompleta": "L'anno 2022 addì 30 del mese di novembre alle ore 08 e minuti 58 nella Casa Comunale, in una sala aperta al pubblico, per delega ricevuta avanti a me, MARIE CURIE, Ufficiale dello Stato Civile del Comune di ANPR, vestito in forma ufficiale, sono personalmente comparsi: ANDREA BATISTINI nato in ROMA (RM) il 28\/06\/1989 con cittadinanza ITALIANA residente in CESENA (FC) atto di nascita con estremi Id Ansc 2022-10234-1232321-999999 numero 1232321 data 10\/11\/2022 anno 2022 del comune ANPR (RM) e SQUEGLIA ANGELA nata in ROMA (RM) il 01\/05\/2020 con cittadinanza ITALIANA residente in CESENA (FC) atto di nascita con estremi Id Ansc 2022-10235-123212-999999 numero 123212 data 10\/11\/2022 anno 2022 del comune ANPR (RM), i quali mi hanno richiesto di unirli in matrimonio e a questo effetto mi hanno presentato i documenti sotto descritti che, muniti del mio visto, inserisco nel volume degli allegati a questo registro, insieme con quelli già prodotti all'atto della richiesta della pubblicazione. Dall'esame di tutti gli anzidetti documenti risultandomi nulla ostare alla celebrazione del matrimonio, ho letto agli sposi gli articoli 143, 144 e 147 del Codice Civile, quindi ho domandato allo sposo se intende di prendere in moglie la qui presente SQUEGLIA ANGELA e a questa se intende di prendere in marito il qui presente ANDREA BATISTINI ed avendomi ciascuno risposto affermativamente a piena intelligenza anche dei testimoni sottoindicati, ho dichiarato che i medesimi sono uniti in matrimonio. A quest'atto sono stati presenti quali testimoni: LETIZIA BIAGI nata in ROMA (RM) il 09\/10\/2004 con cittadinanza ARGENTINA residente in CESENA (FC) e LUCIANA BIAGI nata in ROMA (RM) il 09\/10\/2004 con cittadinanza ITALIANA residente in RIUNIONE. Il documento presentato è il certificato della pubblicazione eseguita in ROMA dal 26\/09\/2022 al 29\/11\/2022. Il presente atto viene letto agli intervenuti, i quali tutti, insieme con me, lo sottoscrivono.",
    "annoAtto": "2022",
    "intestatari": [
      {
        "siglaProvinciaResidenza": "FC",
        "nomeStatoNascita": "ITALIA",
        "dataNascita": "1989-06-28",
        "cognome": "BATISTINI",
        "nazionalita": "ITALIANA",
        "codiceFiscale": "BTSNDR89H28H501Y",
        "idStatoResidenza": "90",
        "idStatoNascita": "90",
        "nomeComuneResidenza": "CESENA",
        "flagComparente": false,
        "nomeComuneNascita": "ROMA",
        "flagFirmatario": true,
        "flagDichiarante": false,
        "id": "43368",
        "idComuneNascita": "18345",
        "idNazionalita": "90",
        "idProvinciaNascita": "58",
        "indirizzoResidenza": "",
        "idComuneResidenza": "2780",
        "idsoggettoanpr": "",
        "idProvinciaResidenza": "40",
        "documentoRiconoscimento": {},
        "nome": "ANDREA",
        "siglaProvinciaNascita": "RM",
        "nomeStatoResidenza": "ITALIA",
        "sesso": "M"
      },
      {
        "siglaProvinciaResidenza": "FC",
        "nomeStatoNascita": "ITALIA",
        "dataNascita": "2020-05-01",
        "cognome": "ANGELA",
        "nazionalita": "ITALIANA",
        "codiceFiscale": "NGLSGL20E41H501I",
        "idStatoResidenza": "90",
        "idStatoNascita": "90",
        "nomeComuneResidenza": "CESENA",
        "flagComparente": false,
        "nomeComuneNascita": "ROMA",
        "flagFirmatario": true,
        "flagDichiarante": false,
        "id": "45686",
        "idComuneNascita": "8165",
        "idNazionalita": "90",
        "idProvinciaNascita": "58",
        "indirizzoResidenza": "",
        "idComuneResidenza": "2780",
        "idsoggettoanpr": "266044",
        "idProvinciaResidenza": "40",
        "documentoRiconoscimento": {},
        "nome": "SQUEGLIA",
        "siglaProvinciaNascita": "RM",
        "nomeStatoResidenza": "ITALIA",
        "sesso": "F"
      }
    ],
    "allegati": [
      {
        "hashAllegato": "kuuyGfA\/k6bmtOSe31s3PtsA87HBTKyKIW8Ll8nCg3k=",
        "descrizione": "Processo verbale",
        "id": 49911,
        "idTipoAllegato": 999
      }
    ],
    "stato": "FIRMATO DA USC",
    "descrizioneCasoUso": "Matrimonio con Rito Civile nella casa comunale",
    "numeroatto": "",
    "ausilioInterprete": "false",
    "operatore": "CRUMRA67S47Z127B",
    "dataformazione": "2022-11-30",
    "ora": "08",
    "minuto": "58",
    "operatoreCognome": "CURIE",
    "datiEventoMatrimonio": {
      "oraEvento": "08",
      "omissionePubblicazione": false,
      "luogoCelebrazione": {},
      "dataEvento": "2022-11-30",
      "estintaOpposizione": false,
      "regimePatrimoniale": {
        "tipo": "1",
        "attoNotarile": false
      },
      "rigettoOpposizione": false,
      "pubblicazioneInPiuComuni": false,
      "pubblicazione1": {
        "idProvincia": "58",
        "dataInizio": "2022-09-26",
        "comune": "ROMA",
        "idComune": "8165",
        "dataFine": "2022-11-29",
        "provincia": "ROMA"
      },
      "minutoEvento": "59",
      "comprensioneSposo": "0",
      "attoNascitaSposo": {
        "idProvinciaRegistrazione": "58",
        "idAnsc": "2022-10234-1232321-999999",
        "siglaProvinciaRegistrazione": "RM",
        "numeroatto": "1232321",
        "serie": "",
        "idtipocontenuto": "1",
        "parte": "",
        "idComuneRegistrazione": "1000000",
        "annoAtto": "2022",
        "dataformazione": "2022-11-10",
        "nomeComuneRegistrazione": "ANPR",
        "tipologia": "1"
      },
      "testimone2": {
        "siglaProvinciaResidenza": "FC",
        "nomeStatoNascita": "ITALIA",
        "dataNascita": "2004-10-09",
        "cognome": "BIAGI",
        "nazionalita": "ITALIANA",
        "codiceFiscale": "BGILCN04R49H501U",
        "idStatoResidenza": "90",
        "idStatoNascita": "90",
        "nomeComuneResidenza": "CESENA",
        "flagComparente": false,
        "nomeComuneNascita": "ROMA",
        "flagFirmatario": true,
        "flagDichiarante": false,
        "id": "43720",
        "idComuneNascita": "8165",
        "idNazionalita": "90",
        "idProvinciaNascita": "58",
        "indirizzoResidenza": "",
        "idComuneResidenza": "2780",
        "idsoggettoanpr": "243550",
        "idProvinciaResidenza": "40",
        "documentoRiconoscimento": {},
        "nome": "LUCIANA",
        "siglaProvinciaNascita": "RM",
        "nomeStatoResidenza": "ITALIA",
        "sesso": "F"
      },
      "numeroTestimoni": "2",
      "divietoTemporaneo": false,
      "testimone1": {
        "siglaProvinciaResidenza": "FC",
        "nomeStatoNascita": "ITALIA",
        "dataNascita": "2004-10-09",
        "cognome": "BIAGI",
        "nazionalita": "ARGENTINA",
        "codiceFiscale": "BGILTZ04R49H501U",
        "idStatoResidenza": "90",
        "idStatoNascita": "90",
        "nomeComuneResidenza": "CESENA",
        "flagComparente": false,
        "nomeComuneNascita": "ROMA",
        "flagFirmatario": true,
        "flagDichiarante": false,
        "id": "44544",
        "idComuneNascita": "8165",
        "idNazionalita": "8",
        "idProvinciaNascita": "58",
        "indirizzoResidenza": "",
        "idComuneResidenza": "2780",
        "idsoggettoanpr": "243549",
        "idProvinciaResidenza": "40",
        "documentoRiconoscimento": {},
        "nome": "LETIZIA",
        "siglaProvinciaNascita": "RM",
        "nomeStatoResidenza": "ITALIA",
        "sesso": "F"
      },
      "nomeOfficiante": "Mario",
      "motivoImpedimentoScritturaSposo": "",
      "comprensioneSposa": "0",
      "attoNascitaSposa": {
        "idProvinciaRegistrazione": "58",
        "idAnsc": "2022-10235-123212-999999",
        "siglaProvinciaRegistrazione": "RM",
        "numeroatto": "123212",
        "serie": "",
        "idtipocontenuto": "1",
        "parte": "",
        "idComuneRegistrazione": "1000000",
        "annoAtto": "2022",
        "dataformazione": "2022-11-10",
        "nomeComuneRegistrazione": "ANPR",
        "tipologia": "1"
      },
      "difettoEta": "1",
      "officiante": "1",
      "cognomeOfficiante": "Rossi",
      "motivoImpedimentoScritturaSposa": "",
      "impedimentoParentela": "0"
    },
    "idComuneRegistrazione": "1000000",
    "idUsecase": "311111",
    "idProvinciaRegistrazione": "58",
    "siglaProvinciaRegistrazione": "RM",
    "idtipocontenuto": "1",
    "redattoNellaCasaComunale": true,
    "ruoloOperatore": "2",
    "nomeComuneRegistrazione": "ANPR"
  }
}